model,dataset,log10Cerr,seed,final_test-set-acc,l1-regret,l2-regret
PAC,avazu-app_binary_sparse,-1.0,0,0.8825013553811716,0.01353672912148967,0.03509400500802523
PAC,avazu-app_binary_sparse,-1.0,1,0.8815079420540864,0.011788413240281572,0.025350165118504856
PAC,avazu-app_binary_sparse,-1.0,2,0.8827377192417538,0.01104254151085046,0.03129478054104962
PAC,avazu-app_binary_sparse,-1.0,3,0.8826281012194548,0.00911304273080092,0.020241139229842737
PAC,avazu-app_binary_sparse,-1.0,4,0.8825253343235495,0.010520799972248189,0.023966793175184284
PAC,avazu-app_binary_sparse,-2.0,0,0.8828813645251415,0.00015280159900858914,0.00027455536778888567
PAC,avazu-app_binary_sparse,-2.0,1,0.8828553302448455,0.00013213403438761974,0.00020100976205399387
PAC,avazu-app_binary_sparse,-2.0,2,0.8834109565953738,0.00012694820653813609,0.00018848886656785578
PAC,avazu-app_binary_sparse,-2.0,3,0.8830789053361596,0.00013704626940090958,0.00021731842295699005
PAC,avazu-app_binary_sparse,-2.0,4,0.8830366567233986,0.00012593297361709036,0.00022611066292024023
PAC,avazu-app_binary_sparse,-3.0,0,0.8822213726825494,7.404869249734147e-05,0.00011437498416092426
PAC,avazu-app_binary_sparse,-3.0,1,0.8824285050705186,5.919101872409677e-05,9.828576175591513e-05
PAC,avazu-app_binary_sparse,-3.0,2,0.8827667223434872,9.101257888965052e-05,0.00013822436215845548
PAC,avazu-app_binary_sparse,-3.0,3,0.8824006438231843,6.320107570734092e-05,9.924482401846224e-05
PAC,avazu-app_binary_sparse,-3.0,4,0.8825146008921994,6.489689907210905e-05,0.00010574849568002454
PAC,avazu-app_binary_sparse,0.0,0,0.8780200336070587,0.07706358041104418,0.14376135155281444
PAC,avazu-app_binary_sparse,0.0,1,0.8206532686038912,0.08890740185339747,0.16132709965111916
PAC,avazu-app_binary_sparse,0.0,2,0.8694648037083776,0.07069860700682287,0.13435845176389513
PAC,avazu-app_binary_sparse,0.0,3,0.8761837033626698,0.07916225905215932,0.1436768803137575
PAC,avazu-app_binary_sparse,0.0,4,0.8806344234388909,0.07303091697180522,0.14026844077646372
PAC,avazu-app_binary_sparse,1.0,0,0.873698114707039,0.0959221819850821,0.16320237159483275
PAC,avazu-app_binary_sparse,1.0,1,0.8501948688717246,0.11350785558066143,0.19441974873846832
PAC,avazu-app_binary_sparse,1.0,2,0.8531789911579363,0.09267384024369825,0.1576011536318606
PAC,avazu-app_binary_sparse,1.0,3,0.8256566462092032,0.10480082122711037,0.17445652583793297
PAC,avazu-app_binary_sparse,1.0,4,0.880760255793655,0.09537152439701255,0.1687751901466
PAC,avazu-app_binary_sparse,2.0,0,0.8688383823851146,0.09704144801681171,0.16124577460755232
PAC,avazu-app_binary_sparse,2.0,1,0.8507804118075053,0.11679263943560536,0.19849624344246455
PAC,avazu-app_binary_sparse,2.0,2,0.8607282473311437,0.09573229499018365,0.1601193735737446
PAC,avazu-app_binary_sparse,2.0,3,0.8180091905576863,0.10927567513090998,0.17905215055715554
PAC,avazu-app_binary_sparse,2.0,4,0.8813974105482683,0.09993224235996642,0.17307682416197576
PAC,avazu-app_binary_sparse,3.0,0,0.8699044176519728,0.09740177204316339,0.1625148867951482
PAC,avazu-app_binary_sparse,3.0,1,0.8519519544208263,0.1177524596323832,0.2001970970615558
PAC,avazu-app_binary_sparse,3.0,2,0.8586359133305107,0.09686203216591634,0.16185520320494826
PAC,avazu-app_binary_sparse,3.0,3,0.8223619395264775,0.10970031382364526,0.17936260644485472
PAC,avazu-app_binary_sparse,3.0,4,0.8813309546222494,0.10088960700451202,0.17542822763616017
PAC,avazu-site_binary_sparse,-1.0,0,0.6015141714374048,0.03030614078435398,0.060902460147706505
PAC,avazu-site_binary_sparse,-1.0,1,0.8049131021778618,0.027069205790428007,0.05506755681792882
PAC,avazu-site_binary_sparse,-1.0,2,0.8043320585988192,0.0276810164971991,0.0594867500755742
PAC,avazu-site_binary_sparse,-1.0,3,0.7755447880339346,0.02472540605195487,0.0504283548215197
PAC,avazu-site_binary_sparse,-1.0,4,0.8016341995824693,0.024845650489959282,0.05609821776910554
PAC,avazu-site_binary_sparse,-2.0,0,0.8053367233348676,0.0010536072418576305,0.0019780070174898433
PAC,avazu-site_binary_sparse,-2.0,1,0.8062180308287297,0.0009224810843296179,0.001733697759479728
PAC,avazu-site_binary_sparse,-2.0,2,0.8068615272374985,0.0009881284828457185,0.001647899301449249
PAC,avazu-site_binary_sparse,-2.0,3,0.807387343934056,0.0008962614741408245,0.0016678690861451429
PAC,avazu-site_binary_sparse,-2.0,4,0.8074552162242129,0.0010564306759811377,0.0021785713116952623
PAC,avazu-site_binary_sparse,-3.0,0,0.8070872090540087,0.00011895856178477066,0.00018976947032479414
PAC,avazu-site_binary_sparse,-3.0,1,0.806945141769859,9.479264858854622e-05,0.00014589982478899563
PAC,avazu-site_binary_sparse,-3.0,2,0.8074014087242216,9.967041849063764e-05,0.00016427511168265338
PAC,avazu-site_binary_sparse,-3.0,3,0.8073637305707505,0.0001069442746817404,0.00017730225577105172
PAC,avazu-site_binary_sparse,-3.0,4,0.807376892117511,9.939893444031472e-05,0.00016132884137917965
PAC,avazu-site_binary_sparse,0.0,0,0.5008415002666503,0.10719877724503578,0.17070166998986344
PAC,avazu-site_binary_sparse,0.0,1,0.7992620243310548,0.11808550676724844,0.18420967499889815
PAC,avazu-site_binary_sparse,0.0,2,0.7928242214783797,0.1056453250678411,0.17171493150384495
PAC,avazu-site_binary_sparse,0.0,3,0.775344397032768,0.09936191359762923,0.16606645241070048
PAC,avazu-site_binary_sparse,0.0,4,0.6756615515992634,0.09399337846440747,0.15916943320369872
PAC,avazu-site_binary_sparse,1.0,0,0.4811652459293077,0.1231297385520826,0.18814314266296914
PAC,avazu-site_binary_sparse,1.0,1,0.7965544877067927,0.135672318286204,0.20189254973388435
PAC,avazu-site_binary_sparse,1.0,2,0.7962103519694383,0.11921902230508996,0.19049877675040172
PAC,avazu-site_binary_sparse,1.0,3,0.7593200848171364,0.1164380591463942,0.18330618130810813
PAC,avazu-site_binary_sparse,1.0,4,0.6328427818400074,0.10622690842105441,0.1748826339981352
PAC,avazu-site_binary_sparse,2.0,0,0.4816669331234712,0.12514041394628309,0.1903505894650718
PAC,avazu-site_binary_sparse,2.0,1,0.7940919881148653,0.13764408139237985,0.20288834716883786
PAC,avazu-site_binary_sparse,2.0,2,0.7941590861963891,0.12092050994403983,0.19152650639078245
PAC,avazu-site_binary_sparse,2.0,3,0.7704603018716881,0.11912803618228018,0.1868340433262183
PAC,avazu-site_binary_sparse,2.0,4,0.6482219201948322,0.10909278859676638,0.1777818112349405
PAC,avazu-site_binary_sparse,3.0,0,0.4673531058476107,0.12553908348331166,0.19085971950991276
PAC,avazu-site_binary_sparse,3.0,1,0.7929086102193733,0.13715434013521735,0.2023546695037779
PAC,avazu-site_binary_sparse,3.0,2,0.7967084261899813,0.12173711927538304,0.1929490405128077
PAC,avazu-site_binary_sparse,3.0,3,0.7700310031847072,0.12048682215844743,0.187419407538792
PAC,avazu-site_binary_sparse,3.0,4,0.6564637581970952,0.10904238390980138,0.17790014366877044
PAC,criteo_binary_sparse,-1.0,0,0.7878483832713581,0.02163449647733462,0.05162037764345407
PAC,criteo_binary_sparse,-1.0,1,0.7161671450744133,0.018741892905208054,0.04365632522911378
PAC,criteo_binary_sparse,-1.0,2,0.7281637456146314,0.018827931658087244,0.039021604220588604
PAC,criteo_binary_sparse,-1.0,3,0.7881149458400627,0.017410545348267352,0.03102087365851343
PAC,criteo_binary_sparse,-1.0,4,0.6527265386712322,0.0178105857602797,0.03489417803380821
PAC,criteo_binary_sparse,-2.0,0,0.794848397277297,0.0016104822654376993,0.0023903354670062917
PAC,criteo_binary_sparse,-2.0,1,0.7958525845390112,0.001509008227592758,0.0026077767844440805
PAC,criteo_binary_sparse,-2.0,2,0.7936409954084935,0.001278046366013387,0.0019018146862636218
PAC,criteo_binary_sparse,-2.0,3,0.7933973691707187,0.0014359760797700058,0.0023918333603674177
PAC,criteo_binary_sparse,-2.0,4,0.7962804081459054,0.0015816205407533479,0.0023095682704818085
PAC,criteo_binary_sparse,-3.0,0,0.7935942232826759,0.0006973911739988421,0.0009360410878824793
PAC,criteo_binary_sparse,-3.0,1,0.793619215531224,0.0006904362311522305,0.000962172574034097
PAC,criteo_binary_sparse,-3.0,2,0.7935914606433763,0.0006777737632961356,0.0009003350155864585
PAC,criteo_binary_sparse,-3.0,3,0.7931747518411063,0.0006724838465528651,0.0009186078577078291
PAC,criteo_binary_sparse,-3.0,4,0.7929828447809182,0.0007282591994778639,0.0009708806231799052
PAC,criteo_binary_sparse,0.0,0,0.680270180983713,0.07672250849765393,0.13420871999228426
PAC,criteo_binary_sparse,0.0,1,0.545751683957148,0.0781106469621229,0.13147770402484493
PAC,criteo_binary_sparse,0.0,2,0.6023665796199713,0.0706816306316703,0.12121220781561597
PAC,criteo_binary_sparse,0.0,3,0.7481694302268461,0.07082092382116213,0.11707309860521803
PAC,criteo_binary_sparse,0.0,4,0.3234920197630221,0.07253172716940669,0.13353252939272164
PAC,criteo_binary_sparse,1.0,0,0.584836476809956,0.09748960525316874,0.1577407629977993
PAC,criteo_binary_sparse,1.0,1,0.5333967112770808,0.09213917061558169,0.14225589803113348
PAC,criteo_binary_sparse,1.0,2,0.5036004899765664,0.08382407573752164,0.13832779979252044
PAC,criteo_binary_sparse,1.0,3,0.6771987685567445,0.09414359265011135,0.14660152562254164
PAC,criteo_binary_sparse,1.0,4,0.2737587943482311,0.09140853616969692,0.15719966373323588
PAC,criteo_binary_sparse,2.0,0,0.6074492577045192,0.09807795327925434,0.15743004442877276
PAC,criteo_binary_sparse,2.0,1,0.5700999163113034,0.09399185486150843,0.1443954853890898
PAC,criteo_binary_sparse,2.0,2,0.4969770943793397,0.08650759783121198,0.14066257092118536
PAC,criteo_binary_sparse,2.0,3,0.6643704208450515,0.09541058209779486,0.14760387953047344
PAC,criteo_binary_sparse,2.0,4,0.2645601691917404,0.09258376248249393,0.15876195431912749
PAC,criteo_binary_sparse,3.0,0,0.6154745321277604,0.09820361551865803,0.15736778666995693
PAC,criteo_binary_sparse,3.0,1,0.5537411083169191,0.09422858563301381,0.14494012033479256
PAC,criteo_binary_sparse,3.0,2,0.4993750010440206,0.08682093538824322,0.14101678384353555
PAC,criteo_binary_sparse,3.0,3,0.6597249464915316,0.09529723469042466,0.1476070040343732
PAC,criteo_binary_sparse,3.0,4,0.2623977293417864,0.09236088212010471,0.15883355942767924
PAC,dexter_binary_sparse,-1.0,0,0.95,0.039362822538178036,0.062075308015282625
PAC,dexter_binary_sparse,-1.0,1,0.9166666666666666,0.03143759873617693,0.05416371293981422
PAC,dexter_binary_sparse,-1.0,2,0.9611111111111112,0.06714060031595583,0.10456772888110115
PAC,dexter_binary_sparse,-1.0,3,0.9277777777777778,0.04686677198525541,0.0663389346520975
PAC,dexter_binary_sparse,-1.0,4,0.9277777777777778,0.04231174302264346,0.06700698638010433
PAC,dexter_binary_sparse,-2.0,0,0.95,0.039362822538178036,0.062075308015282625
PAC,dexter_binary_sparse,-2.0,1,0.9166666666666666,0.03143759873617693,0.05416371293981422
PAC,dexter_binary_sparse,-2.0,2,0.9611111111111112,0.06714060031595583,0.10456772888110115
PAC,dexter_binary_sparse,-2.0,3,0.9277777777777778,0.04686677198525541,0.0663389346520975
PAC,dexter_binary_sparse,-2.0,4,0.9277777777777778,0.04231174302264346,0.06700698638010433
PAC,dexter_binary_sparse,-3.0,0,0.95,0.039362822538178036,0.062075308015282625
PAC,dexter_binary_sparse,-3.0,1,0.9166666666666666,0.03143759873617693,0.05416371293981422
PAC,dexter_binary_sparse,-3.0,2,0.9611111111111112,0.06716692996313854,0.1046005969714443
PAC,dexter_binary_sparse,-3.0,3,0.9277777777777778,0.0462875197472354,0.06545547112274522
PAC,dexter_binary_sparse,-3.0,4,0.9277777777777778,0.04231174302264346,0.06700698638010433
PAC,dexter_binary_sparse,0.0,0,0.95,0.039362822538178036,0.062075308015282625
PAC,dexter_binary_sparse,0.0,1,0.9166666666666666,0.03143759873617693,0.05416371293981422
PAC,dexter_binary_sparse,0.0,2,0.9611111111111112,0.06714060031595583,0.10456772888110115
PAC,dexter_binary_sparse,0.0,3,0.9277777777777778,0.04686677198525541,0.0663389346520975
PAC,dexter_binary_sparse,0.0,4,0.9277777777777778,0.04231174302264346,0.06700698638010433
PAC,dexter_binary_sparse,1.0,0,0.95,0.039362822538178036,0.062075308015282625
PAC,dexter_binary_sparse,1.0,1,0.9166666666666666,0.03143759873617693,0.05416371293981422
PAC,dexter_binary_sparse,1.0,2,0.9611111111111112,0.06714060031595583,0.10456772888110115
PAC,dexter_binary_sparse,1.0,3,0.9277777777777778,0.04686677198525541,0.0663389346520975
PAC,dexter_binary_sparse,1.0,4,0.9277777777777778,0.04231174302264346,0.06700698638010433
PAC,dexter_binary_sparse,2.0,0,0.95,0.039362822538178036,0.062075308015282625
PAC,dexter_binary_sparse,2.0,1,0.9166666666666666,0.03143759873617693,0.05416371293981422
PAC,dexter_binary_sparse,2.0,2,0.9611111111111112,0.06714060031595583,0.10456772888110115
PAC,dexter_binary_sparse,2.0,3,0.9277777777777778,0.04686677198525541,0.0663389346520975
PAC,dexter_binary_sparse,2.0,4,0.9277777777777778,0.04231174302264346,0.06700698638010433
PAC,dexter_binary_sparse,3.0,0,0.95,0.039362822538178036,0.062075308015282625
PAC,dexter_binary_sparse,3.0,1,0.9166666666666666,0.03143759873617693,0.05416371293981422
PAC,dexter_binary_sparse,3.0,2,0.9611111111111112,0.06714060031595583,0.10456772888110115
PAC,dexter_binary_sparse,3.0,3,0.9277777777777778,0.04686677198525541,0.0663389346520975
PAC,dexter_binary_sparse,3.0,4,0.9277777777777778,0.04231174302264346,0.06700698638010433
PAC,dorothea_binary_sparse,-1.0,0,0.9217391304347826,0.002755058114507077,0.0033261822261223045
PAC,dorothea_binary_sparse,-1.0,1,0.9188405797101448,0.006715454154111172,0.007829859371504051
PAC,dorothea_binary_sparse,-1.0,2,0.9420289855072465,0.005223131008753055,0.00743756956316112
PAC,dorothea_binary_sparse,-1.0,3,0.9391304347826088,0.0036590615583297305,0.00577913703840405
PAC,dorothea_binary_sparse,-1.0,4,0.9304347826086956,0.0019658487587889185,0.003619599312884709
PAC,dorothea_binary_sparse,-2.0,0,0.9217391304347826,0.0026689625484287395,0.003185665214897658
PAC,dorothea_binary_sparse,-2.0,1,0.9188405797101448,0.006658057110058957,0.00782454558780989
PAC,dorothea_binary_sparse,-2.0,2,0.9420289855072465,0.004606112785191585,0.006611600109934998
PAC,dorothea_binary_sparse,-2.0,3,0.9420289855072465,0.002712010331467914,0.0045920774035352226
PAC,dorothea_binary_sparse,-2.0,4,0.9304347826086956,0.0021523891519586716,0.003944037370433116
PAC,dorothea_binary_sparse,-3.0,0,0.9217391304347826,0.001808006887645262,0.002447295807757514
PAC,dorothea_binary_sparse,-3.0,1,0.9159420289855073,0.006241928540680294,0.007044098853831271
PAC,dorothea_binary_sparse,-3.0,2,0.9217391304347826,0.0011909886640838012,0.00228013324466506
PAC,dorothea_binary_sparse,-3.0,3,0.927536231884058,0.0009183527048356916,0.0018241065957320245
PAC,dorothea_binary_sparse,-3.0,4,0.9130434782608696,0.0024250251112067534,0.004134529844244318
PAC,dorothea_binary_sparse,0.0,0,0.9217391304347826,0.0027837566365331904,0.0033136541882877696
PAC,dorothea_binary_sparse,0.0,1,0.9188405797101448,0.006500215238915313,0.007704016544302165
PAC,dorothea_binary_sparse,0.0,2,0.9420289855072465,0.005108336920648593,0.007279305296252213
PAC,dorothea_binary_sparse,0.0,3,0.9391304347826088,0.003529918209212211,0.0056148715183715414
PAC,dorothea_binary_sparse,0.0,4,0.9304347826086956,0.0018654039316975104,0.003472995488501251
PAC,dorothea_binary_sparse,1.0,0,0.9217391304347826,0.002769407375520133,0.0033073723737507485
PAC,dorothea_binary_sparse,1.0,1,0.9188405797101448,0.006500215238915313,0.007704016544302165
PAC,dorothea_binary_sparse,1.0,2,0.9420289855072465,0.005108336920648593,0.007279305296252213
PAC,dorothea_binary_sparse,1.0,3,0.9391304347826088,0.0035155689481991526,0.0055814383110138555
PAC,dorothea_binary_sparse,1.0,4,0.9304347826086956,0.00186540393169751,0.0034368801692386012
PAC,dorothea_binary_sparse,2.0,0,0.9217391304347826,0.002769407375520133,0.0033073723737507485
PAC,dorothea_binary_sparse,2.0,1,0.9188405797101448,0.006485865977902255,0.007695914158315388
PAC,dorothea_binary_sparse,2.0,2,0.9420289855072465,0.005108336920648593,0.007279305296252213
PAC,dorothea_binary_sparse,2.0,3,0.9391304347826088,0.0035155689481991526,0.0055814383110138555
PAC,dorothea_binary_sparse,2.0,4,0.9304347826086956,0.00186540393169751,0.0034368801692386012
PAC,dorothea_binary_sparse,3.0,0,0.9217391304347826,0.002769407375520133,0.0033073723737507485
PAC,dorothea_binary_sparse,3.0,1,0.9188405797101448,0.006485865977902255,0.007695914158315388
PAC,dorothea_binary_sparse,3.0,2,0.9420289855072465,0.005108336920648593,0.007279305296252213
PAC,dorothea_binary_sparse,3.0,3,0.9391304347826088,0.0035155689481991526,0.0055814383110138555
PAC,dorothea_binary_sparse,3.0,4,0.9304347826086956,0.00186540393169751,0.0034368801692386012
PAC,kdd2010-a_binary_sparse,-1.0,0,0.8523131160488253,0.017396919751756515,0.020908161833658012
PAC,kdd2010-a_binary_sparse,-1.0,1,0.8467102511496338,0.020931310950223762,0.025429986820780362
PAC,kdd2010-a_binary_sparse,-1.0,2,0.8452327244687464,0.020424561039188376,0.02438885967033667
PAC,kdd2010-a_binary_sparse,-1.0,3,0.8276967665227514,0.018341301080493713,0.02185835598411127
PAC,kdd2010-a_binary_sparse,-1.0,4,0.8620943950045918,0.020446448993828935,0.02436298145188999
PAC,kdd2010-a_binary_sparse,-2.0,0,0.8718719362252688,0.0063329111752754175,0.00786321530721725
PAC,kdd2010-a_binary_sparse,-2.0,1,0.8693059810863129,0.00668479117849519,0.008789140475326952
PAC,kdd2010-a_binary_sparse,-2.0,2,0.8701458501609282,0.0062225554719392605,0.007849347331830608
PAC,kdd2010-a_binary_sparse,-2.0,3,0.8643217113444371,0.006148045018184392,0.007727445212637238
PAC,kdd2010-a_binary_sparse,-2.0,4,0.8749080984384864,0.005568222386148844,0.0073266294271884845
PAC,kdd2010-a_binary_sparse,-3.0,0,0.8792367694456602,0.00035712948562026956,0.0004912894855024505
PAC,kdd2010-a_binary_sparse,-3.0,1,0.8784914650688098,0.00038741254130100354,0.0005682870251454388
PAC,kdd2010-a_binary_sparse,-3.0,2,0.8787878674614088,0.00032634313095717153,0.0004807484037059072
PAC,kdd2010-a_binary_sparse,-3.0,3,0.8782724337925639,0.000324513121054426,0.0004700224885008337
PAC,kdd2010-a_binary_sparse,-3.0,4,0.8776968225887778,0.00036628508622568533,0.0005312690479298614
PAC,kdd2010-a_binary_sparse,0.0,0,0.8464654295012702,0.020191938840055046,0.024180326104540035
PAC,kdd2010-a_binary_sparse,0.0,1,0.8403852558311471,0.024002071267750235,0.029032087991874005
PAC,kdd2010-a_binary_sparse,0.0,2,0.8385593722399163,0.02346476814790383,0.028025522335476775
PAC,kdd2010-a_binary_sparse,0.0,3,0.8187620845647613,0.021354933262795486,0.025326499659173007
PAC,kdd2010-a_binary_sparse,0.0,4,0.8581776224042832,0.024143994179317625,0.028454091096126326
PAC,kdd2010-a_binary_sparse,1.0,0,0.8457709583216373,0.020477808961302798,0.02453457223210736
PAC,kdd2010-a_binary_sparse,1.0,1,0.8397165750236318,0.024343770568760838,0.029436214282119923
PAC,kdd2010-a_binary_sparse,1.0,2,0.8377778118326975,0.02380790333130524,0.02843529901196227
PAC,kdd2010-a_binary_sparse,1.0,3,0.8177734536335831,0.021675638334931947,0.025702061561674722
PAC,kdd2010-a_binary_sparse,1.0,4,0.8577092841975662,0.024559310208316677,0.02891084822053947
PAC,kdd2010-a_binary_sparse,2.0,0,0.8456947085258111,0.020505769810281883,0.024569203428137832
PAC,kdd2010-a_binary_sparse,2.0,1,0.8396403252278056,0.02437449771177889,0.029473544774261496
PAC,kdd2010-a_binary_sparse,2.0,2,0.8377090375070503,0.02384549532441349,0.02847975233658367
PAC,kdd2010-a_binary_sparse,2.0,3,0.8176609478073885,0.021706319218852424,0.02573822677690575
PAC,kdd2010-a_binary_sparse,2.0,4,0.8576629362824562,0.02460416117902702,0.028959620016641454
PAC,kdd2010-a_binary_sparse,3.0,0,0.8456905970172126,0.020509276249883166,0.024573228348035256
PAC,kdd2010-a_binary_sparse,3.0,1,0.8396328497576265,0.024379432632315446,0.029478956723361486
PAC,kdd2010-a_binary_sparse,3.0,2,0.8376940865666922,0.023850432095313952,0.028484993551311913
PAC,kdd2010-a_binary_sparse,3.0,3,0.81764973460212,0.021707423886104183,0.025740161690754108
PAC,kdd2010-a_binary_sparse,3.0,4,0.8576535919447323,0.024608975825909634,0.028964563752631727
PAC,mnist8-4+9_binary_sparse,-1.0,0,0.9234466092608724,0.01957116456887934,0.030148377425153722
PAC,mnist8-4+9_binary_sparse,-1.0,1,0.9337432151712122,0.02005154927306711,0.02962634066386651
PAC,mnist8-4+9_binary_sparse,-1.0,2,0.92922209006232,0.019847821954681006,0.031849501811955186
PAC,mnist8-4+9_binary_sparse,-1.0,3,0.933311834081619,0.025688540697030287,0.03751740178458262
PAC,mnist8-4+9_binary_sparse,-1.0,4,0.904315067345708,0.021378876500026907,0.03442914819438031
PAC,mnist8-4+9_binary_sparse,-2.0,0,0.920100264692086,0.011820258598097265,0.018969954326961382
PAC,mnist8-4+9_binary_sparse,-2.0,1,0.9386999095356162,0.01256868592106145,0.018137973968777768
PAC,mnist8-4+9_binary_sparse,-2.0,2,0.9376130804797964,0.011999478925812646,0.020832289376080587
PAC,mnist8-4+9_binary_sparse,-2.0,3,0.936796388125712,0.015871852987248636,0.022715487453466392
PAC,mnist8-4+9_binary_sparse,-2.0,4,0.9259783555585338,0.013755585188787547,0.02286951786709874
PAC,mnist8-4+9_binary_sparse,-3.0,0,0.9381554479662266,0.0025441863944486052,0.004032445563032049
PAC,mnist8-4+9_binary_sparse,-3.0,1,0.944764373785432,0.002688843986589895,0.004339118198834891
PAC,mnist8-4+9_binary_sparse,-3.0,2,0.9433383032902232,0.0023817394639014475,0.0039054979368090595
PAC,mnist8-4+9_binary_sparse,-3.0,3,0.9429341452790994,0.0030134683122537112,0.004435553547462544
PAC,mnist8-4+9_binary_sparse,-3.0,4,0.9407165114253166,0.0025556831172295013,0.004204762662354738
PAC,mnist8-4+9_binary_sparse,0.0,0,0.9215933458419888,0.02067495362331921,0.03184689929332326
PAC,mnist8-4+9_binary_sparse,0.0,1,0.9326396334517189,0.021527774091823233,0.03183537510162246
PAC,mnist8-4+9_binary_sparse,0.0,2,0.9267259431749648,0.021174921113199564,0.03355948321860518
PAC,mnist8-4+9_binary_sparse,0.0,3,0.9325118943912082,0.027279940078541877,0.04007923601176198
PAC,mnist8-4+9_binary_sparse,0.0,4,0.9015027139315152,0.02300345983971849,0.03654199763722028
PAC,mnist8-4+9_binary_sparse,1.0,0,0.9213650907994372,0.020764781488870582,0.03200688808188551
PAC,mnist8-4+9_binary_sparse,1.0,1,0.9325663405481472,0.021653242834670135,0.03204260120656346
PAC,mnist8-4+9_binary_sparse,1.0,2,0.9264034543992494,0.021328058704650803,0.03373602141546467
PAC,mnist8-4+9_binary_sparse,1.0,3,0.9324030020773304,0.027460570283893,0.04035898339603637
PAC,mnist8-4+9_binary_sparse,1.0,4,0.9011802251557998,0.02318327107203113,0.036785420740294804
PAC,mnist8-4+9_binary_sparse,2.0,0,0.9213399618039269,0.020776578847323857,0.032024644265907974
PAC,mnist8-4+9_binary_sparse,2.0,1,0.9325495878844736,0.02167036870124725,0.032065902665693424
PAC,mnist8-4+9_binary_sparse,2.0,2,0.9263720431548615,0.021343349656951775,0.03375387484073844
PAC,mnist8-4+9_binary_sparse,2.0,3,0.9324030020773304,0.027477830918185266,0.04038670758202158
PAC,mnist8-4+9_binary_sparse,2.0,4,0.9011571902432488,0.023198147354439213,0.036808070807289754
PAC,mnist8-4+9_binary_sparse,3.0,0,0.9213378677209676,0.020774826867026364,0.032024258634918513
PAC,mnist8-4+9_binary_sparse,3.0,1,0.932543305635596,0.0216702028332901,0.032066839803175
PAC,mnist8-4+9_binary_sparse,3.0,2,0.9263699490719024,0.0213454644734056,0.03375645118940766
PAC,mnist8-4+9_binary_sparse,3.0,3,0.932398813911412,0.027480453705257913,0.04039012163899378
PAC,mnist8-4+9_binary_sparse,3.0,4,0.9011530020773304,0.02319990970148412,0.03681025945188945
PAC,news20_binary_sparse,-1.0,0,0.9179889761149156,0.031789465410349854,0.06285339967033564
PAC,news20_binary_sparse,-1.0,1,0.9355269751127444,0.030756180875557176,0.06407740059009835
PAC,news20_binary_sparse,-1.0,2,0.9094705194588276,0.03503424085518625,0.06895055029622968
PAC,news20_binary_sparse,-1.0,3,0.9181560046767996,0.028171332003654997,0.05341540489276701
PAC,news20_binary_sparse,-1.0,4,0.9163186904960748,0.032808830898318896,0.06231423564863274
PAC,news20_binary_sparse,-2.0,0,0.8406547519625857,0.04732066536318887,0.08609948948239785
PAC,news20_binary_sparse,-2.0,1,0.8543510940370803,0.03729322027792243,0.07307084572508356
PAC,news20_binary_sparse,-2.0,2,0.8274594955737431,0.04696859535529596,0.09103931459966874
PAC,news20_binary_sparse,-2.0,3,0.8209453816602639,0.039105152667380634,0.07548176034787166
PAC,news20_binary_sparse,-2.0,4,0.8331384666778019,0.037991628921486754,0.07776656011186138
PAC,news20_binary_sparse,-3.0,0,0.8019041256054785,0.161962028840265,0.2011158038786247
PAC,news20_binary_sparse,-3.0,1,0.6868214464673459,0.09268283896154086,0.13291282236557078
PAC,news20_binary_sparse,-3.0,2,0.7427760146985134,0.10531642087267508,0.1522211367737533
PAC,news20_binary_sparse,-3.0,3,0.678971104058794,0.09660555386343614,0.13827308767263485
PAC,news20_binary_sparse,-3.0,4,0.7923834975780859,0.07874905432358346,0.11486666046454354
PAC,news20_binary_sparse,0.0,0,0.9331885752463672,0.046617344114863235,0.0832836579629762
PAC,news20_binary_sparse,0.0,1,0.951394688491732,0.04973602937082633,0.09119695971686506
PAC,news20_binary_sparse,0.0,2,0.951394688491732,0.045391649226919774,0.08517153512079895
PAC,news20_binary_sparse,0.0,3,0.9565725739101386,0.04395962493900185,0.07395862984149322
PAC,news20_binary_sparse,0.0,4,0.9525638884249208,0.051307244126981025,0.0903313455692252
PAC,news20_binary_sparse,1.0,0,0.9341907466176717,0.05826758630627797,0.10577266908437372
PAC,news20_binary_sparse,1.0,1,0.9450476031401368,0.05695018946279028,0.10396615981594859
PAC,news20_binary_sparse,1.0,2,0.9500584599966594,0.049551806692277746,0.09154614802857235
PAC,news20_binary_sparse,1.0,3,0.9587439452146316,0.050921604653219224,0.0880188014351856
PAC,news20_binary_sparse,1.0,4,0.9507265742441956,0.06189063231773417,0.11084685077449455
PAC,news20_binary_sparse,2.0,0,0.9331885752463672,0.05920179997838451,0.10819984012939031
PAC,news20_binary_sparse,2.0,1,0.9480541172540504,0.05770181799126866,0.1052651010036692
PAC,news20_binary_sparse,2.0,2,0.9498914314347754,0.05053842148183811,0.09267967285424016
PAC,news20_binary_sparse,2.0,3,0.9585769166527476,0.05173955334597513,0.08933410223164802
PAC,news20_binary_sparse,2.0,4,0.9502254885585436,0.06389988766510446,0.11373427909169903
PAC,news20_binary_sparse,3.0,0,0.9331885752463672,0.05931233358551368,0.10844306065761551
PAC,news20_binary_sparse,3.0,1,0.9478870886921664,0.05774521266666012,0.1053391855939377
PAC,news20_binary_sparse,3.0,2,0.9498914314347754,0.050454907200896085,0.09266060179329488
PAC,news20_binary_sparse,3.0,3,0.9585769166527476,0.05186318723246772,0.08950059518722331
PAC,news20_binary_sparse,3.0,4,0.9503925171204276,0.06408820418095418,0.1140089948454378
PAC,newsgroups_binary_sparse,-1.0,0,0.8614852566436112,0.038946177107699834,0.0587987285259157
PAC,newsgroups_binary_sparse,-1.0,1,0.8538405533309065,0.03265758865657225,0.0532543386950505
PAC,newsgroups_binary_sparse,-1.0,2,0.8658536585365854,0.03149610556250383,0.053274013162360925
PAC,newsgroups_binary_sparse,-1.0,3,0.8724062613760466,0.03282699038014469,0.048956995636251034
PAC,newsgroups_binary_sparse,-1.0,4,0.8591190389515836,0.03448136040396907,0.05536619961758732
PAC,newsgroups_binary_sparse,-2.0,0,0.7877684746996724,0.02281967366740313,0.03972558486330439
PAC,newsgroups_binary_sparse,-2.0,1,0.7926829268292683,0.024929986628076706,0.04188655823242143
PAC,newsgroups_binary_sparse,-2.0,2,0.767564615944667,0.023446820473820226,0.04136401790004991
PAC,newsgroups_binary_sparse,-2.0,3,0.7875864579541317,0.028938860394958313,0.04416983424964881
PAC,newsgroups_binary_sparse,-2.0,4,0.7910447761194029,0.03146637015357888,0.055198609547702226
PAC,newsgroups_binary_sparse,-3.0,0,0.6528940662540954,0.07718230869319184,0.0921069087456034
PAC,newsgroups_binary_sparse,-3.0,1,0.672551874772479,0.0695727472273984,0.08617235922274753
PAC,newsgroups_binary_sparse,-3.0,2,0.71605387695668,0.04219905062948958,0.05541740714738922
PAC,newsgroups_binary_sparse,-3.0,3,0.7085911903895158,0.0603313425627237,0.07222997207573705
PAC,newsgroups_binary_sparse,-3.0,4,0.6661812886785584,0.07760761514811837,0.09325164743129061
PAC,newsgroups_binary_sparse,0.0,0,0.7968693119767019,0.06163879948242366,0.09216309255636665
PAC,newsgroups_binary_sparse,0.0,1,0.7919548598471059,0.06075394579865703,0.09607099766464727
PAC,newsgroups_binary_sparse,0.0,2,0.7553694939934474,0.06305078086985984,0.09461245421023956
PAC,newsgroups_binary_sparse,0.0,3,0.8836912995995632,0.06060346660803686,0.09196939761418577
PAC,newsgroups_binary_sparse,0.0,4,0.8827812158718602,0.06301563902294853,0.09700653810037049
PAC,newsgroups_binary_sparse,1.0,0,0.8168911539861667,0.06330127916322756,0.09778897569414599
PAC,newsgroups_binary_sparse,1.0,1,0.7468147069530396,0.07092976316197327,0.11122455607574906
PAC,newsgroups_binary_sparse,1.0,2,0.5784492173279941,0.07192004238647381,0.10856266591566162
PAC,newsgroups_binary_sparse,1.0,3,0.8682198762286131,0.06910599141457648,0.10233647946956527
PAC,newsgroups_binary_sparse,1.0,4,0.869129959956316,0.0711766571633501,0.10856094592021907
PAC,newsgroups_binary_sparse,2.0,0,0.8270840917364397,0.06387346051678339,0.09965783289106238
PAC,newsgroups_binary_sparse,2.0,1,0.7389879868947943,0.07162719366221296,0.11211442985559855
PAC,newsgroups_binary_sparse,2.0,2,0.5655260283946123,0.07344105360663478,0.11029771668956143
PAC,newsgroups_binary_sparse,2.0,3,0.866035675282126,0.0690050712388312,0.10220085762623139
PAC,newsgroups_binary_sparse,2.0,4,0.8676738259919913,0.07223271471668462,0.11016279566811318
PAC,newsgroups_binary_sparse,3.0,0,0.827448125227521,0.06416450709504877,0.10006606474717779
PAC,newsgroups_binary_sparse,3.0,1,0.7384419366581726,0.07155060245740627,0.11203562074820353
PAC,newsgroups_binary_sparse,3.0,2,0.5640698944302875,0.07368344224302299,0.1105170888824967
PAC,newsgroups_binary_sparse,3.0,3,0.8663997087732072,0.06871132144157263,0.10198776720398683
PAC,newsgroups_binary_sparse,3.0,4,0.8676738259919913,0.07249943232401143,0.1105104075897348
PAC,pcmac_binary_sparse,-1.0,0,0.9125214408233276,0.016325118112605737,0.02362365197310855
PAC,pcmac_binary_sparse,-1.0,1,0.888507718696398,0.019695465077788837,0.02645012678198036
PAC,pcmac_binary_sparse,-1.0,2,0.8919382504288165,0.017777075622160035,0.025779343459120852
PAC,pcmac_binary_sparse,-1.0,3,0.888507718696398,0.015505100659023208,0.02215301768823173
PAC,pcmac_binary_sparse,-1.0,4,0.8507718696397941,0.019710511269597608,0.02589895012713798
PAC,pcmac_binary_sparse,-2.0,0,0.9296740994854202,0.014888206794860203,0.021766951845941063
PAC,pcmac_binary_sparse,-2.0,1,0.902229845626072,0.014023050765851154,0.021361533749658344
PAC,pcmac_binary_sparse,-2.0,2,0.915951972555746,0.01442177484878577,0.02789591959797861
PAC,pcmac_binary_sparse,-2.0,3,0.8902229845626072,0.014933345370286755,0.02037177138263429
PAC,pcmac_binary_sparse,-2.0,4,0.8816466552315609,0.017551382745027228,0.023267275530186458
PAC,pcmac_binary_sparse,-3.0,0,0.9125214408233276,0.010028286840600649,0.014354090643160738
PAC,pcmac_binary_sparse,-3.0,1,0.8953687821612349,0.009328638921488974,0.017999899559865702
PAC,pcmac_binary_sparse,-3.0,2,0.9090909090909092,0.015587854713971897,0.02747949574388713
PAC,pcmac_binary_sparse,-3.0,3,0.8902229845626072,0.009035238181216322,0.01686244511701235
PAC,pcmac_binary_sparse,-3.0,4,0.902229845626072,0.00920826938701815,0.017614380816166505
PAC,pcmac_binary_sparse,0.0,0,0.9073756432247,0.01922903313171438,0.028014320238913516
PAC,pcmac_binary_sparse,0.0,1,0.8902229845626072,0.02011675844843671,0.027642897005347358
PAC,pcmac_binary_sparse,0.0,2,0.8902229845626072,0.01992115795492164,0.02952235375925776
PAC,pcmac_binary_sparse,0.0,3,0.8833619210977701,0.018476723541271715,0.025088576259064525
PAC,pcmac_binary_sparse,0.0,4,0.8250428816466552,0.020643375161746545,0.026810641952163285
PAC,pcmac_binary_sparse,1.0,0,0.9056603773584906,0.019778219132737525,0.02888362149376946
PAC,pcmac_binary_sparse,1.0,1,0.8919382504288165,0.019966296530348183,0.027432026104472644
PAC,pcmac_binary_sparse,1.0,2,0.888507718696398,0.019620234118744553,0.029542016541731483
PAC,pcmac_binary_sparse,1.0,3,0.8816466552315609,0.019642803406457778,0.026654000726874127
PAC,pcmac_binary_sparse,1.0,4,0.8198970840480274,0.020989437573350197,0.027337311574696037
PAC,pcmac_binary_sparse,2.0,0,0.9056603773584906,0.0197180343655021,0.02886529843266943
PAC,pcmac_binary_sparse,2.0,1,0.8919382504288165,0.019958773434443754,0.02750038458083587
PAC,pcmac_binary_sparse,2.0,2,0.888507718696398,0.02018446631157655,0.030211692856609396
PAC,pcmac_binary_sparse,2.0,3,0.8816466552315609,0.01943215672113383,0.02636730387476119
PAC,pcmac_binary_sparse,2.0,4,0.8198970840480274,0.020244651078811956,0.0266999538496735
PAC,pcmac_binary_sparse,3.0,0,0.9056603773584906,0.0197180343655021,0.028866639538830056
PAC,pcmac_binary_sparse,3.0,1,0.8919382504288165,0.019951250338539325,0.027499211471346048
PAC,pcmac_binary_sparse,3.0,2,0.888507718696398,0.020357497517378358,0.03035677986724895
PAC,pcmac_binary_sparse,3.0,3,0.8816466552315609,0.019447202912942677,0.02639567370496752
PAC,pcmac_binary_sparse,3.0,4,0.8198970840480274,0.020252174174716385,0.026717588506009474
PAC,rcv1_binary_sparse,-1.0,0,0.9752595643428112,0.002662239629666947,0.00492173497834307
PAC,rcv1_binary_sparse,-1.0,1,0.9591768477684396,0.002235248107572743,0.0043971130454170055
PAC,rcv1_binary_sparse,-1.0,2,0.9763202782701764,0.0019491363498034243,0.0035025198163127526
PAC,rcv1_binary_sparse,-1.0,3,0.9708638129321095,0.0028206702309846454,0.007573239750910637
PAC,rcv1_binary_sparse,-1.0,4,0.9770130869164282,0.002518072040083271,0.004512210532357241
PAC,rcv1_binary_sparse,-2.0,0,0.971766853167569,0.0006512022820061899,0.0017866840437701385
PAC,rcv1_binary_sparse,-2.0,1,0.9713320560171624,0.0006252781346421663,0.004004367225062327
PAC,rcv1_binary_sparse,-2.0,2,0.9716999612982756,0.0004101029808370108,0.0006947302278199868
PAC,rcv1_binary_sparse,-2.0,3,0.9715709555503528,0.000405348643592311,0.0008449431532805623
PAC,rcv1_binary_sparse,-2.0,4,0.9719245268594744,0.0007701789802187904,0.003789579056322853
PAC,rcv1_binary_sparse,-3.0,0,0.9554356810786792,0.0026478583508372784,0.022462078318012273
PAC,rcv1_binary_sparse,-3.0,1,0.954699870516453,0.001472117846254002,0.012909179257432428
PAC,rcv1_binary_sparse,-3.0,2,0.9547524284137549,0.0014081826543516926,0.00857143365980368
PAC,rcv1_binary_sparse,-3.0,3,0.9544370810299436,0.0014479677053245627,0.011572247819171023
PAC,rcv1_binary_sparse,-3.0,4,0.9551394456575232,0.0026792937448580478,0.022107344839468624
PAC,rcv1_binary_sparse,0.0,0,0.9667404069892448,0.011933954166202092,0.023542075821832473
PAC,rcv1_binary_sparse,0.0,1,0.8670237418356085,0.012121951541429475,0.024900973526711587
PAC,rcv1_binary_sparse,0.0,2,0.9696358693315114,0.010634790120610199,0.020443058487416774
PAC,rcv1_binary_sparse,0.0,3,0.9666687371292876,0.012970423338961095,0.029501048625166486
PAC,rcv1_binary_sparse,0.0,4,0.971346389989154,0.012427719290493907,0.027414037883590266
PAC,rcv1_binary_sparse,1.0,0,0.9644708614239368,0.017880683922529752,0.03699764125645163
PAC,rcv1_binary_sparse,1.0,1,0.8325553171869102,0.018871549303210555,0.0416432108379729
PAC,rcv1_binary_sparse,1.0,2,0.963061354178114,0.01571005695601399,0.031270334235120566
PAC,rcv1_binary_sparse,1.0,3,0.9621583139426546,0.020213596997680962,0.04531057869378293
PAC,rcv1_binary_sparse,1.0,4,0.9649534384809813,0.018699447025636952,0.040465206191375586
PAC,rcv1_binary_sparse,2.0,0,0.9636729369830812,0.018971177504576612,0.039469800458527465
PAC,rcv1_binary_sparse,2.0,1,0.836702613083094,0.02004509003981484,0.0443347495283109
PAC,rcv1_binary_sparse,2.0,2,0.9606102449675812,0.0163956986162703,0.0325921625558644
PAC,rcv1_binary_sparse,2.0,3,0.9615945110443256,0.021071979577827093,0.04712359915025491
PAC,rcv1_binary_sparse,2.0,4,0.964246295862738,0.019241536085206845,0.04201571163612721
PAC,rcv1_binary_sparse,3.0,0,0.963577377169805,0.01907298182050241,0.03971542704940697
PAC,rcv1_binary_sparse,3.0,1,0.8370896303268623,0.020120520793413275,0.04458632321090933
PAC,rcv1_binary_sparse,3.0,2,0.9603761234250549,0.016480732658034493,0.03277185860435655
PAC,rcv1_binary_sparse,3.0,3,0.9614989512310492,0.021176811531401312,0.0473355184905645
PAC,rcv1_binary_sparse,3.0,4,0.9642080719374274,0.019363067352685198,0.04223953772974307
PAC,real-sim_binary_sparse,-1.0,0,0.9667605373713124,0.007286444908744624,0.016025377793762792
PAC,real-sim_binary_sparse,-1.0,1,0.97243894557038,0.007406887681058382,0.014797096779753757
PAC,real-sim_binary_sparse,-1.0,2,0.9645907391163844,0.007224280897227807,0.015375865431841707
PAC,real-sim_binary_sparse,-1.0,3,0.962190111259868,0.009566858537107115,0.019524739619336595
PAC,real-sim_binary_sparse,-1.0,4,0.9632519274271732,0.0096002259844654,0.019995340996813795
PAC,real-sim_binary_sparse,-2.0,0,0.9326900881769078,0.015918100743179908,0.02416133463759407
PAC,real-sim_binary_sparse,-2.0,1,0.9476016804394995,0.017271996346950154,0.02619218966571743
PAC,real-sim_binary_sparse,-2.0,2,0.9406306264715388,0.016702921388579477,0.02593138568765944
PAC,real-sim_binary_sparse,-2.0,3,0.9365218595632704,0.0165159722657091,0.02361407947172715
PAC,real-sim_binary_sparse,-2.0,4,0.9518027791884032,0.01775948104020503,0.025967757796202216
PAC,real-sim_binary_sparse,-3.0,0,0.763722819814413,0.0048503927074300965,0.008714513281027457
PAC,real-sim_binary_sparse,-3.0,1,0.7647384700614007,0.004150819033706158,0.007473737902289699
PAC,real-sim_binary_sparse,-3.0,2,0.755920779280735,0.00394810036379659,0.007044424803220455
PAC,real-sim_binary_sparse,-3.0,3,0.7815890309773326,0.006644464363337685,0.012854686984596912
PAC,real-sim_binary_sparse,-3.0,4,0.7787729098379577,0.004179844142024645,0.007470102501502619
PAC,real-sim_binary_sparse,0.0,0,0.9674991920963943,0.016096822276290713,0.03302453778674192
PAC,real-sim_binary_sparse,0.0,1,0.9679608512995708,0.016450380091792463,0.03036794052961697
PAC,real-sim_binary_sparse,0.0,2,0.9531877567979318,0.016494489114670198,0.03139943676799982
PAC,real-sim_binary_sparse,0.0,3,0.9622824431005031,0.0193654608524423,0.03568984936459203
PAC,real-sim_binary_sparse,0.0,4,0.967314528415124,0.015048718758584689,0.025876816170685053
PAC,real-sim_binary_sparse,1.0,0,0.9584968376344584,0.021045488972515746,0.04286779878025169
PAC,real-sim_binary_sparse,1.0,1,0.9645445731960668,0.021436070941935677,0.04226249315386803
PAC,real-sim_binary_sparse,1.0,2,0.9497714786944278,0.02290149609578005,0.0439771272136102
PAC,real-sim_binary_sparse,1.0,3,0.9581275102719172,0.025333205958054838,0.0464290809505012
PAC,real-sim_binary_sparse,1.0,4,0.9620516134989152,0.01908458007981679,0.03368230285358628
PAC,real-sim_binary_sparse,2.0,0,0.957665851068741,0.02169775400512212,0.044089026456577106
PAC,real-sim_binary_sparse,2.0,1,0.9649139005586076,0.02228168433389205,0.04464756479903594
PAC,real-sim_binary_sparse,2.0,2,0.9495868150131572,0.02377910567013485,0.04590365410327584
PAC,real-sim_binary_sparse,2.0,3,0.957435021467153,0.026319602552564027,0.04811130949285883
PAC,real-sim_binary_sparse,2.0,4,0.9605281381284336,0.019735245303303204,0.03499939120458634
PAC,real-sim_binary_sparse,3.0,0,0.957665851068741,0.02173386398240029,0.04420310256733448
PAC,real-sim_binary_sparse,3.0,1,0.9647754027976548,0.0223312784166095,0.04485102324399976
PAC,real-sim_binary_sparse,3.0,2,0.9496791468537924,0.023870980422450165,0.046073042303587115
PAC,real-sim_binary_sparse,3.0,3,0.9574811873874706,0.02646678499159643,0.04830692762230257
PAC,real-sim_binary_sparse,3.0,4,0.9604358062877985,0.019782096856100818,0.03512789316900878
PAC,sst2_binary_sparse,-1.0,0,0.8535293535293536,0.01565843397526566,0.024533294074923214
PAC,sst2_binary_sparse,-1.0,1,0.8541233541233542,0.016600650264016602,0.02410492292746623
PAC,sst2_binary_sparse,-1.0,2,0.8473418473418474,0.014016845700014009,0.02245238509785876
PAC,sst2_binary_sparse,-1.0,3,0.8622908622908623,0.017393876304767384,0.02559457099478882
PAC,sst2_binary_sparse,-1.0,4,0.8483318483318484,0.016313697006766312,0.024203752415952486
PAC,sst2_binary_sparse,-2.0,0,0.8209088209088209,0.014909561939264921,0.02150813541344135
PAC,sst2_binary_sparse,-2.0,1,0.833976833976834,0.016445778822016456,0.022109876603634563
PAC,sst2_binary_sparse,-2.0,2,0.8217008217008217,0.015198475594515187,0.021616427581207156
PAC,sst2_binary_sparse,-2.0,3,0.8352143352143352,0.01627889994226629,0.02173044497790185
PAC,sst2_binary_sparse,-2.0,4,0.8343728343728344,0.015801052929765816,0.022487706357229128
PAC,sst2_binary_sparse,-3.0,0,0.7257202257202258,0.013684313189263692,0.017810936072234218
PAC,sst2_binary_sparse,-3.0,1,0.7281952281952282,0.014765717736014752,0.01899001655641402
PAC,sst2_binary_sparse,-3.0,2,0.7444312444312444,0.011673925040261662,0.015129706426912795
PAC,sst2_binary_sparse,-3.0,3,0.7285912285912286,0.011423974295261423,0.015137659124963959
PAC,sst2_binary_sparse,-3.0,4,0.7317592317592317,0.013376775753013385,0.0184906340347552
PAC,sst2_binary_sparse,0.0,0,0.8444213444213444,0.020998558127270996,0.03275550763661539
PAC,sst2_binary_sparse,0.0,1,0.8385308385308385,0.022608044885272616,0.032084537162267765
PAC,sst2_binary_sparse,0.0,2,0.837045837045837,0.0221902350615222,0.03239399195468479
PAC,sst2_binary_sparse,0.0,3,0.8447183447183447,0.022357113941272346,0.03291296970119918
PAC,sst2_binary_sparse,0.0,4,0.8404118404118404,0.022887891699772893,0.03249034944407757
PAC,sst2_binary_sparse,1.0,0,0.8361548361548361,0.024678470223024673,0.037473486165246046
PAC,sst2_binary_sparse,1.0,1,0.8288288288288288,0.023949692266523943,0.0348527204133358
PAC,sst2_binary_sparse,1.0,2,0.8308088308088308,0.025483458651775474,0.03655298928135486
PAC,sst2_binary_sparse,1.0,3,0.8327393327393328,0.024516247288524525,0.035465640999295896
PAC,sst2_binary_sparse,1.0,4,0.8319968319968319,0.02530089658802531,0.0357012791517308
PAC,sst2_binary_sparse,2.0,0,0.8353628353628354,0.02533716395102534,0.038411536625187793
PAC,sst2_binary_sparse,2.0,1,0.8284328284328284,0.023913179853773912,0.03504284942755942
PAC,sst2_binary_sparse,2.0,2,0.8307098307098307,0.026208560862026217,0.037488383849302975
PAC,sst2_binary_sparse,2.0,3,0.8318483318483318,0.024719393531274718,0.03573576594019595
PAC,sst2_binary_sparse,2.0,4,0.8308583308583308,0.02557804785527557,0.03613258202951284
PAC,sst2_binary_sparse,3.0,0,0.8353628353628354,0.025344270393775348,0.03845757094244957
PAC,sst2_binary_sparse,3.0,1,0.8283833283833284,0.023933518983023927,0.03509892173396761
PAC,sst2_binary_sparse,3.0,2,0.8304128304128304,0.026287466881526313,0.03758267896997427
PAC,sst2_binary_sparse,3.0,3,0.8316008316008316,0.024685331616024687,0.035716664723388754
PAC,sst2_binary_sparse,3.0,4,0.8305613305613305,0.0255831939000256,0.03614361622153616
PAC,url_binary_sparse,-1.0,0,0.981923629630557,0.005819759775178719,0.02176723220309282
PAC,url_binary_sparse,-1.0,1,0.9737256882278228,0.00659181742440873,0.014639023585448939
PAC,url_binary_sparse,-1.0,2,0.9738592369084036,0.0055632267537454455,0.010175215720450095
PAC,url_binary_sparse,-1.0,3,0.9849535153212332,0.004685346650627076,0.00885555653537054
PAC,url_binary_sparse,-1.0,4,0.9823479249178187,0.006407141196146885,0.011508021764096918
PAC,url_binary_sparse,-2.0,0,0.9819792749141324,0.003939768718642971,0.01270331166402226
PAC,url_binary_sparse,-2.0,1,0.9731163723726732,0.0042637647596187505,0.008969278608167087
PAC,url_binary_sparse,-2.0,2,0.973689518793499,0.003799718905921685,0.007106785096160744
PAC,url_binary_sparse,-2.0,3,0.9849882936234678,0.003190347956431794,0.00626072742102124
PAC,url_binary_sparse,-2.0,4,0.9828209098282092,0.004028029851601061,0.007190138438318614
PAC,url_binary_sparse,-3.0,0,0.9823242756722994,0.0006582671763939797,0.0012187685815453126
PAC,url_binary_sparse,-3.0,1,0.9832646809647224,0.0007660868001136901,0.0013731022491620688
PAC,url_binary_sparse,-3.0,2,0.9811445956605026,0.0007158889694230469,0.0012399333065417782
PAC,url_binary_sparse,-3.0,3,0.9835150847408112,0.0006515869876479633,0.001075556258544768
PAC,url_binary_sparse,-3.0,4,0.9837181900258612,0.0006324485912301446,0.0009942623820031187
PAC,url_binary_sparse,0.0,0,0.981923629630557,0.006100307042135111,0.022829462697898727
PAC,url_binary_sparse,0.0,1,0.974252927289699,0.006908899125692794,0.015493998027908242
PAC,url_binary_sparse,0.0,2,0.9738564546442248,0.00580870647318139,0.010582160718763355
PAC,url_binary_sparse,0.0,3,0.984927083811535,0.0049193736340994165,0.009222500552373768
PAC,url_binary_sparse,0.0,4,0.9823924411446792,0.006773043369617206,0.012184391241286847
PAC,url_binary_sparse,1.0,0,0.981930585291004,0.006125560910312229,0.022946906823422063
PAC,url_binary_sparse,1.0,1,0.974314137101632,0.006943704975097412,0.015590288654557895
PAC,url_binary_sparse,1.0,2,0.9738341965307948,0.005834284020606983,0.01062053945803331
PAC,url_binary_sparse,1.0,3,0.9849256926794456,0.004946307879651764,0.009264820552849934
PAC,url_binary_sparse,1.0,4,0.982399396805126,0.006809446954886911,0.01224959633975741
PAC,url_binary_sparse,2.0,0,0.981930585291004,0.006127847325429381,0.022956533274182008
PAC,url_binary_sparse,2.0,1,0.9743197016299896,0.006949097333641935,0.01559999073564417
PAC,url_binary_sparse,2.0,2,0.9738341965307948,0.005836866567802636,0.010625043275431808
PAC,url_binary_sparse,2.0,3,0.9849256926794456,0.0049499785400658105,0.00926907102068578
PAC,url_binary_sparse,2.0,4,0.9824007879372154,0.006812559785106729,0.012255440359132109
PAC,url_binary_sparse,3.0,0,0.981930585291004,0.006128005721657373,0.02295757812761042
PAC,url_binary_sparse,3.0,1,0.9743238750262576,0.006949345258172706,0.015600553792727834
PAC,url_binary_sparse,3.0,2,0.9738341965307948,0.0058367288319522296,0.010625065467670428
PAC,url_binary_sparse,3.0,3,0.9849256926794456,0.004950433068372226,0.0092699090957137
PAC,url_binary_sparse,3.0,4,0.9824007879372154,0.006812979879450552,0.012256268395617605
PAC,w8a_binary_sparse,-1.0,0,0.9859345110836052,0.0017920268453086217,0.0023782057616283836
PAC,w8a_binary_sparse,-1.0,1,0.986778440418589,0.001372568898613693,0.001828400003295601
PAC,w8a_binary_sparse,-1.0,2,0.9872847980195792,0.001410726759634458,0.001919109988413801
PAC,w8a_binary_sparse,-1.0,3,0.9864408686845956,0.0016502578580126904,0.0021387274475597714
PAC,w8a_binary_sparse,-1.0,4,0.9881287273545628,0.0017549830824198794,0.0028669913029330707
PAC,w8a_binary_sparse,-2.0,0,0.9848092719702936,0.0007280631292565631,0.0009223060561407207
PAC,w8a_binary_sparse,-2.0,1,0.986497130640261,0.0006470124901541528,0.0008602144416378117
PAC,w8a_binary_sparse,-2.0,2,0.9846967480589626,0.0007631572204142705,0.001009755422060213
PAC,w8a_binary_sparse,-2.0,3,0.9853718915269496,0.0007762478734652226,0.0010215047393303466
PAC,w8a_binary_sparse,-2.0,4,0.9832901991673232,0.0009706579974977172,0.001284489740776826
PAC,w8a_binary_sparse,-3.0,0,0.976763812310116,0.00019218192776854104,0.00031678513992048176
PAC,w8a_binary_sparse,-3.0,1,0.9767075503544504,0.000111131288666182,0.00019613942042981958
PAC,w8a_binary_sparse,-3.0,2,0.9762574547091256,0.00016405094993575576,0.00027684582014080684
PAC,w8a_binary_sparse,-3.0,3,0.9765950264431192,0.00032030321294763346,0.0005152541259790608
PAC,w8a_binary_sparse,-3.0,4,0.9747946438618208,0.00013062800597601513,0.000240888460154909
PAC,w8a_binary_sparse,0.0,0,0.965398897265669,0.006026713845008817,0.01289029992938946
PAC,w8a_binary_sparse,0.0,1,0.9821649600540114,0.004138874560349016,0.006880128213315207
PAC,w8a_binary_sparse,0.0,2,0.985315629571284,0.004133025545156002,0.006724036100090575
PAC,w8a_binary_sparse,0.0,3,0.9846404861032968,0.003967581972555276,0.005814293189807997
PAC,w8a_binary_sparse,0.0,4,0.9852031056599528,0.005581074592212214,0.019540101765648885
PAC,w8a_binary_sparse,1.0,0,0.9513896703049398,0.008830898843231886,0.023264020102320388
PAC,w8a_binary_sparse,1.0,1,0.9789580285810736,0.005676887031563479,0.00987472504822167
PAC,w8a_binary_sparse,1.0,2,0.9844154382806346,0.00588828715210898,0.011155638411333805
PAC,w8a_binary_sparse,1.0,3,0.9824462698323394,0.005340150871169034,0.008426120928774745
PAC,w8a_binary_sparse,1.0,4,0.9832901991673232,0.008173023896290838,0.030836780711903457
PAC,w8a_binary_sparse,2.0,0,0.948295262743333,0.009229467449951831,0.025106927791715025
PAC,w8a_binary_sparse,2.0,1,0.9781140992460898,0.0058183774943264335,0.010160581682555292
PAC,w8a_binary_sparse,2.0,2,0.9838528187239788,0.00619828495733563,0.01208670949677043
PAC,w8a_binary_sparse,2.0,3,0.9822212220096772,0.005646806381999729,0.009083656021326996
PAC,w8a_binary_sparse,2.0,4,0.9829526274333296,0.008424253025054979,0.031616251320395375
PAC,w8a_binary_sparse,3.0,0,0.9482390007876674,0.009305504647460265,0.025319674302867908
PAC,w8a_binary_sparse,3.0,1,0.9781140992460898,0.005817263396194442,0.01017309564618497
PAC,w8a_binary_sparse,3.0,2,0.9837402948126476,0.006252875765803234,0.012171179049476476
PAC,w8a_binary_sparse,3.0,3,0.9819961741870148,0.005732591938163078,0.00927625864740121
PAC,w8a_binary_sparse,3.0,4,0.9828401035219984,0.008426759745851942,0.03171009143753041
PAC,webspam_binary_sparse,-1.0,0,0.9113627489262008,0.01446256853187907,0.0243703762310773
PAC,webspam_binary_sparse,-1.0,1,0.9207817068408872,0.01775117464699299,0.031814416900072716
PAC,webspam_binary_sparse,-1.0,2,0.9225816896981932,0.018094547142926735,0.031519601764847825
PAC,webspam_binary_sparse,-1.0,3,0.9104008533252064,0.01623676191296998,0.02804764493701358
PAC,webspam_binary_sparse,-1.0,4,0.9163531775887848,0.01571837929690628,0.02768428260002418
PAC,webspam_binary_sparse,-2.0,0,0.9132484452529024,0.0039739366932950914,0.006896256855720168
PAC,webspam_binary_sparse,-2.0,1,0.9142579594480053,0.004109956142803357,0.007482145761899951
PAC,webspam_binary_sparse,-2.0,2,0.9103627584499197,0.004074925830503633,0.006530476325260033
PAC,webspam_binary_sparse,-2.0,3,0.9148103351396654,0.004694627613636121,0.008026635655910568
PAC,webspam_binary_sparse,-2.0,4,0.9143531966362224,0.0037097242166764964,0.0065758613283180625
PAC,webspam_binary_sparse,-3.0,0,0.8956390891515319,0.0014946109424134664,0.002791499285611009
PAC,webspam_binary_sparse,-3.0,1,0.894315292235312,0.002794032796104442,0.00512598360757347
PAC,webspam_binary_sparse,-3.0,2,0.8961724174055485,0.001728130642037261,0.003310116032301275
PAC,webspam_binary_sparse,-3.0,3,0.8945057666117465,0.002122092000821116,0.0042138382024546955
PAC,webspam_binary_sparse,-3.0,4,0.8954105198998105,0.001850996044262097,0.0035449110746030117
PAC,webspam_binary_sparse,0.0,0,0.8126208321825507,0.04539230696624204,0.07581040089706433
PAC,webspam_binary_sparse,0.0,1,0.9111151322368358,0.054404668093212843,0.0940560195204032
PAC,webspam_binary_sparse,0.0,2,0.9164007961828936,0.053047066689888275,0.09022933929766556
PAC,webspam_binary_sparse,0.0,3,0.8847820496947648,0.04478821088078276,0.07636561610175399
PAC,webspam_binary_sparse,0.0,4,0.7456309939905335,0.04814447311722914,0.07502631654883955
PAC,webspam_binary_sparse,1.0,0,0.8433348253826154,0.050827521586074446,0.0815932463846767
PAC,webspam_binary_sparse,1.0,1,0.9045818611251322,0.058408354621045114,0.09351643882095025
PAC,webspam_binary_sparse,1.0,2,0.9055247092884828,0.05845003267767087,0.0966984715038911
PAC,webspam_binary_sparse,1.0,3,0.8340587232502548,0.05374121378004793,0.08906608277095517
PAC,webspam_binary_sparse,1.0,4,0.6916886505842802,0.055285706378468254,0.0904135446745143
PAC,webspam_binary_sparse,2.0,0,0.8432586356320416,0.051673623853275945,0.08260231115802097
PAC,webspam_binary_sparse,2.0,1,0.8959057532785402,0.06162477849102992,0.09672446191068768
PAC,webspam_binary_sparse,2.0,2,0.9055437567261264,0.058062436180475865,0.09791862182074085
PAC,webspam_binary_sparse,2.0,3,0.8139732002552357,0.057155042653530684,0.0917146186388126
PAC,webspam_binary_sparse,2.0,4,0.6886696317177932,0.058856535171140784,0.0940901574176722
PAC,webspam_binary_sparse,3.0,0,0.8445919562670832,0.051586731705808395,0.08274732492432246
PAC,webspam_binary_sparse,3.0,1,0.8973628822582642,0.06170209977255279,0.0970150991900094
PAC,webspam_binary_sparse,3.0,2,0.9057437548213828,0.05814998838766366,0.09858210329968785
PAC,webspam_binary_sparse,3.0,3,0.823401681888744,0.05773910121176588,0.0919492467243162
PAC,webspam_binary_sparse,3.0,4,0.691726745459567,0.058162435228103875,0.09378292281295511
